mysql> show tables;
+---------------------+
| Tables_in_g20271_db |
+---------------------+
| customer            |
| gender              |
| t_book              |
+---------------------+
3 rows in set (0.00 sec)

mysql> select * from customer;
+----+--------+------+--------+------------+-----------------+
| ID | name   | age  | gender | prefecture | company         |
+----+--------+------+--------+------------+-----------------+
|  1 | 田中   |   53 |      1 | 東京都     | 山田電気        |
|  2 | 鈴木   |   45 |      1 | 埼玉県     | アレソフト      |
|  3 | 木村   |   33 |      2 | 千葉県     | 東京電算        |
|  4 | 吉田   |   42 |      1 | 山梨県     | 富士電機        |
+----+--------+------+--------+------------+-----------------+
4 rows in set (0.00 sec)


mysql> show fields from customer;
+------------+-------------+------+-----+---------+-------+
| Field      | Type        | Null | Key | Default | Extra |
+------------+-------------+------+-----+---------+-------+
| ID         | int(11)     | NO   | PRI | NULL    |       |
| name       | varchar(32) | YES  |     | NULL    |       |
| age        | int(11)     | YES  |     | NULL    |       |
| gender     | int(11)     | YES  |     | NULL    |       |
| prefecture | varchar(20) | YES  |     | NULL    |       |
| company    | varchar(64) | YES  |     | NULL    |       |
+------------+-------------+------+-----+---------+-------+
6 rows in set (0.00 sec)


mysql> select * from customer;
+----+--------+------+--------+------------+-----------------+
| ID | name   | age  | gender | prefecture | company         |
+----+--------+------+--------+------------+-----------------+
|  1 | 田中   |   53 |      1 | 東京都     | 山田電気        |
|  2 | 鈴木   |   45 |      1 | 埼玉県     | アレソフト      |
|  3 | 木村   |   33 |      2 | 千葉県     | 東京電算        |
|  4 | 吉田   |   42 |      1 | 山梨県     | 富士電機        |
+----+--------+------+--------+------------+-----------------+
4 rows in set (0.00 sec)

mysql> 

mysql> show fields from gender;
+--------+-------------+------+-----+---------+-------+
| Field  | Type        | Null | Key | Default | Extra |
+--------+-------------+------+-----+---------+-------+
| ID     | int(11)     | NO   | PRI | NULL    |       |
| gender | varchar(10) | YES  |     | NULL    |       |
+--------+-------------+------+-----+---------+-------+
2 rows in set (0.00 sec)

mysql> select * from gender;
+----+--------+
| ID | gender |
+----+--------+
|  1 | 男性   |
|  2 | 女性   |
+----+--------+
2 rows in set (0.00 sec)

mysql> 


1
mysql> select name,age from customer;
+--------+------+
| name   | age  |
+--------+------+
| 田中   |   53 |
| 鈴木   |   45 |
| 木村   |   33 |
| 吉田   |   42 |
+--------+------+
4 rows in set (0.00 sec)


2
mysql> update customer set company="香川商事" where name="田中";
Query OK, 1 row affected (0.01 sec)
Rows matched: 1  Changed: 1  Warnings: 0

mysql> select * from customer;
+----+--------+------+--------+------------+-----------------+
| ID | name   | age  | gender | prefecture | company         |
+----+--------+------+--------+------------+-----------------+
|  1 | 田中   |   53 |      1 | 東京都     | 香川商事        |
|  2 | 鈴木   |   45 |      1 | 埼玉県     | アレソフト      |
|  3 | 木村   |   33 |      2 | 千葉県     | 東京電算        |
|  4 | 吉田   |   42 |      1 | 山梨県     | 富士電機        |
+----+--------+------+--------+------------+-----------------+
4 rows in set (0.00 sec)


3
mysql> select * from customer where prefecture = "東京都" or prefecture = "千葉県";
+----+--------+------+--------+------------+--------------+
| ID | name   | age  | gender | prefecture | company      |
+----+--------+------+--------+------------+--------------+
|  1 | 田中   |   53 |      1 | 東京都     | 香川商事     |
|  3 | 木村   |   33 |      2 | 千葉県     | 東京電算     |
+----+--------+------+--------+------------+--------------+
2 rows in set (0.00 sec)


4
mysql> select * from customer where name like "%木%";
+----+--------+------+--------+------------+-----------------+
| ID | name   | age  | gender | prefecture | company         |
+----+--------+------+--------+------------+-----------------+
|  2 | 鈴木   |   45 |      1 | 埼玉県     | アレソフト      |
|  3 | 木村   |   33 |      2 | 千葉県     | 東京電算        |
+----+--------+------+--------+------------+-----------------+
2 rows in set (0.00 sec)


5
mysql> select * from customer where age between 40 AND 50;
+----+--------+------+--------+------------+-----------------+
| ID | name   | age  | gender | prefecture | company         |
+----+--------+------+--------+------------+-----------------+
|  2 | 鈴木   |   45 |      1 | 埼玉県     | アレソフト      |
|  4 | 吉田   |   42 |      1 | 山梨県     | 富士電機        |
+----+--------+------+--------+------------+-----------------+
2 rows in set (0.00 sec)


6
mysql> select * from customer order by age;
+----+--------+------+--------+------------+-----------------+
| ID | name   | age  | gender | prefecture | company         |
+----+--------+------+--------+------------+-----------------+
|  3 | 木村   |   33 |      2 | 千葉県     | 東京電算        |
|  4 | 吉田   |   42 |      1 | 山梨県     | 富士電機        |
|  2 | 鈴木   |   45 |      1 | 埼玉県     | アレソフト      |
|  1 | 田中   |   53 |      1 | 東京都     | 香川商事        |
+----+--------+------+--------+------------+-----------------+
4 rows in set (0.00 sec)


7
mysql> select * from customer, gender where customer.gender = gender.ID;
+----+--------+------+--------+------------+-----------------+----+--------+
| ID | name   | age  | gender | prefecture | company         | ID | gender |
+----+--------+------+--------+------------+-----------------+----+--------+
|  1 | 田中   |   53 |      1 | 東京都     | 香川商事        |  1 | 男性   |
|  2 | 鈴木   |   45 |      1 | 埼玉県     | アレソフト      |  1 | 男性   |
|  3 | 木村   |   33 |      2 | 千葉県     | 東京電算        |  2 | 女性   |
|  4 | 吉田   |   42 |      1 | 山梨県     | 富士電機        |  1 | 男性   |
+----+--------+------+--------+------------+-----------------+----+--------+
4 rows in set (0.01 sec)